question_text,option_a,option_b,option_c,option_d,correct_option,difficulty,topic,explanation
A team is reviewing a full-stack feature where a payment or order endpoint can be retried after a timeout and duplicate records sometimes appear. Which design choice is the strongest long-term fix?,"Require an idempotency key, store the first completed result atomically, and return the stored outcome for repeated keys.",Make the endpoint use POST but log every retry so support can reverse accidental duplicates.,Check for duplicate-looking rows after insertion and merge them in a scheduled cleanup job.,Put the retry loop only in the client and ask the user not to refresh during payment.,A,medium,Idempotency & Retry Safety,
"During production debugging, engineers discover that a payment or order endpoint can be retried after a timeout and duplicate records sometimes appear. Which response best addresses the root cause rather than only the symptom?","Require an idempotency key, store the first completed result atomically, and return the stored outcome for repeated keys.",Make the endpoint use POST but log every retry so support can reverse accidental duplicates.,Check for duplicate-looking rows after insertion and merge them in a scheduled cleanup job.,Put the retry loop only in the client and ask the user not to refresh during payment.,A,medium,Idempotency & Retry Safety,
A senior developer asks how to make the system safer when a payment or order endpoint can be retried after a timeout and duplicate records sometimes appear. Which option is the most technically sound?,Put the retry loop only in the client and ask the user not to refresh during payment.,"Require an idempotency key, store the first completed result atomically, and return the stored outcome for repeated keys.",Check for duplicate-looking rows after insertion and merge them in a scheduled cleanup job.,Make the endpoint use POST but log every retry so support can reverse accidental duplicates.,B,medium,Idempotency & Retry Safety,
"In a code review, you notice that a payment or order endpoint can be retried after a timeout and duplicate records sometimes appear. Which improvement should be prioritized before release?",Put the retry loop only in the client and ask the user not to refresh during payment.,Check for duplicate-looking rows after insertion and merge them in a scheduled cleanup job.,Make the endpoint use POST but log every retry so support can reverse accidental duplicates.,"Require an idempotency key, store the first completed result atomically, and return the stored outcome for repeated keys.",D,medium,Idempotency & Retry Safety,
A candidate is asked to redesign a feature because a payment or order endpoint can be retried after a timeout and duplicate records sometimes appear. Which answer shows the best full-stack judgment?,Put the retry loop only in the client and ask the user not to refresh during payment.,"Require an idempotency key, store the first completed result atomically, and return the stored outcome for repeated keys.",Make the endpoint use POST but log every retry so support can reverse accidental duplicates.,Check for duplicate-looking rows after insertion and merge them in a scheduled cleanup job.,B,medium,Idempotency & Retry Safety,
A team is reviewing a full-stack feature where a product page is slow but data changes only occasionally and stale content must be corrected quickly. Which design choice is the strongest long-term fix?,Move all product data into localStorage and refresh it only during login.,Disable caching everywhere so users always receive the newest server response.,Cache the response for a long fixed time and manually tell users to refresh when content changes.,Use Cache-Control with ETag or Last-Modified validation so clients reuse cached data and revalidate cheaply.,D,medium,HTTP Caching Strategy,
"During production debugging, engineers discover that a product page is slow but data changes only occasionally and stale content must be corrected quickly. Which response best addresses the root cause rather than only the symptom?",Use Cache-Control with ETag or Last-Modified validation so clients reuse cached data and revalidate cheaply.,Disable caching everywhere so users always receive the newest server response.,Cache the response for a long fixed time and manually tell users to refresh when content changes.,Move all product data into localStorage and refresh it only during login.,A,medium,HTTP Caching Strategy,
A senior developer asks how to make the system safer when a product page is slow but data changes only occasionally and stale content must be corrected quickly. Which option is the most technically sound?,Cache the response for a long fixed time and manually tell users to refresh when content changes.,Disable caching everywhere so users always receive the newest server response.,Move all product data into localStorage and refresh it only during login.,Use Cache-Control with ETag or Last-Modified validation so clients reuse cached data and revalidate cheaply.,D,medium,HTTP Caching Strategy,
"In a code review, you notice that a product page is slow but data changes only occasionally and stale content must be corrected quickly. Which improvement should be prioritized before release?",Disable caching everywhere so users always receive the newest server response.,Cache the response for a long fixed time and manually tell users to refresh when content changes.,Use Cache-Control with ETag or Last-Modified validation so clients reuse cached data and revalidate cheaply.,Move all product data into localStorage and refresh it only during login.,C,medium,HTTP Caching Strategy,
A candidate is asked to redesign a feature because a product page is slow but data changes only occasionally and stale content must be corrected quickly. Which answer shows the best full-stack judgment?,Cache the response for a long fixed time and manually tell users to refresh when content changes.,Use Cache-Control with ETag or Last-Modified validation so clients reuse cached data and revalidate cheaply.,Disable caching everywhere so users always receive the newest server response.,Move all product data into localStorage and refresh it only during login.,B,medium,HTTP Caching Strategy,
A team is reviewing a full-stack feature where a browser frontend on one domain calls an authenticated API on another domain and cookies are not being sent reliably. Which design choice is the strongest long-term fix?,"Configure a specific allowed origin, allow credentials, handle the OPTIONS preflight, and set cookie attributes consistently.",Set Access-Control-Allow-Origin to * and enable credentials because the browser will choose the safe origin.,Proxy every request through the frontend build server and keep the API unchanged in production.,Add the API domain to a client-side allowlist and leave server headers unchanged.,A,medium,CORS & Cookie Authentication,
"During production debugging, engineers discover that a browser frontend on one domain calls an authenticated API on another domain and cookies are not being sent reliably. Which response best addresses the root cause rather than only the symptom?",Proxy every request through the frontend build server and keep the API unchanged in production.,"Configure a specific allowed origin, allow credentials, handle the OPTIONS preflight, and set cookie attributes consistently.",Set Access-Control-Allow-Origin to * and enable credentials because the browser will choose the safe origin.,Add the API domain to a client-side allowlist and leave server headers unchanged.,B,medium,CORS & Cookie Authentication,
A senior developer asks how to make the system safer when a browser frontend on one domain calls an authenticated API on another domain and cookies are not being sent reliably. Which option is the most technically sound?,Set Access-Control-Allow-Origin to * and enable credentials because the browser will choose the safe origin.,Proxy every request through the frontend build server and keep the API unchanged in production.,Add the API domain to a client-side allowlist and leave server headers unchanged.,"Configure a specific allowed origin, allow credentials, handle the OPTIONS preflight, and set cookie attributes consistently.",D,medium,CORS & Cookie Authentication,
"In a code review, you notice that a browser frontend on one domain calls an authenticated API on another domain and cookies are not being sent reliably. Which improvement should be prioritized before release?",Proxy every request through the frontend build server and keep the API unchanged in production.,Add the API domain to a client-side allowlist and leave server headers unchanged.,"Configure a specific allowed origin, allow credentials, handle the OPTIONS preflight, and set cookie attributes consistently.",Set Access-Control-Allow-Origin to * and enable credentials because the browser will choose the safe origin.,C,medium,CORS & Cookie Authentication,
A candidate is asked to redesign a feature because a browser frontend on one domain calls an authenticated API on another domain and cookies are not being sent reliably. Which answer shows the best full-stack judgment?,"Configure a specific allowed origin, allow credentials, handle the OPTIONS preflight, and set cookie attributes consistently.",Add the API domain to a client-side allowlist and leave server headers unchanged.,Proxy every request through the frontend build server and keep the API unchanged in production.,Set Access-Control-Allow-Origin to * and enable credentials because the browser will choose the safe origin.,A,medium,CORS & Cookie Authentication,
A team is reviewing a full-stack feature where users remain logged in after token theft is suspected and access tokens are valid for a long time. Which design choice is the strongest long-term fix?,Store the user password inside the token payload in encrypted form so the server can re-check identity later.,Increase the JWT expiration time so users authenticate less often and support receives fewer login complaints.,"Use short-lived access tokens, rotate refresh tokens, store refresh state server-side or revocably, and invalidate suspicious sessions.",Rely only on HTTPS and avoid refresh-token state because stateless authentication is always safer.,C,medium,Token Session Security,
"During production debugging, engineers discover that users remain logged in after token theft is suspected and access tokens are valid for a long time. Which response best addresses the root cause rather than only the symptom?",Store the user password inside the token payload in encrypted form so the server can re-check identity later.,Increase the JWT expiration time so users authenticate less often and support receives fewer login complaints.,"Use short-lived access tokens, rotate refresh tokens, store refresh state server-side or revocably, and invalidate suspicious sessions.",Rely only on HTTPS and avoid refresh-token state because stateless authentication is always safer.,C,medium,Token Session Security,
A senior developer asks how to make the system safer when users remain logged in after token theft is suspected and access tokens are valid for a long time. Which option is the most technically sound?,"Use short-lived access tokens, rotate refresh tokens, store refresh state server-side or revocably, and invalidate suspicious sessions.",Rely only on HTTPS and avoid refresh-token state because stateless authentication is always safer.,Store the user password inside the token payload in encrypted form so the server can re-check identity later.,Increase the JWT expiration time so users authenticate less often and support receives fewer login complaints.,A,medium,Token Session Security,
"In a code review, you notice that users remain logged in after token theft is suspected and access tokens are valid for a long time. Which improvement should be prioritized before release?",Store the user password inside the token payload in encrypted form so the server can re-check identity later.,Rely only on HTTPS and avoid refresh-token state because stateless authentication is always safer.,Increase the JWT expiration time so users authenticate less often and support receives fewer login complaints.,"Use short-lived access tokens, rotate refresh tokens, store refresh state server-side or revocably, and invalidate suspicious sessions.",D,medium,Token Session Security,
A candidate is asked to redesign a feature because users remain logged in after token theft is suspected and access tokens are valid for a long time. Which answer shows the best full-stack judgment?,Store the user password inside the token payload in encrypted form so the server can re-check identity later.,Increase the JWT expiration time so users authenticate less often and support receives fewer login complaints.,Rely only on HTTPS and avoid refresh-token state because stateless authentication is always safer.,"Use short-lived access tokens, rotate refresh tokens, store refresh state server-side or revocably, and invalidate suspicious sessions.",D,medium,Token Session Security,
A team is reviewing a full-stack feature where authenticated users can sometimes access another user's invoice by changing an identifier in the URL. Which design choice is the strongest long-term fix?,"Enforce object-level authorization on the server for every protected resource, independent of client routing.",Hide invoice links in the UI when the user is not the owner.,Check authorization only at login because the session already proves the user is valid.,Use longer random invoice identifiers so guessing becomes less convenient.,A,medium,Object-Level Authorization,
"During production debugging, engineers discover that authenticated users can sometimes access another user's invoice by changing an identifier in the URL. Which response best addresses the root cause rather than only the symptom?",Check authorization only at login because the session already proves the user is valid.,Hide invoice links in the UI when the user is not the owner.,"Enforce object-level authorization on the server for every protected resource, independent of client routing.",Use longer random invoice identifiers so guessing becomes less convenient.,C,medium,Object-Level Authorization,
A senior developer asks how to make the system safer when authenticated users can sometimes access another user's invoice by changing an identifier in the URL. Which option is the most technically sound?,Use longer random invoice identifiers so guessing becomes less convenient.,Check authorization only at login because the session already proves the user is valid.,"Enforce object-level authorization on the server for every protected resource, independent of client routing.",Hide invoice links in the UI when the user is not the owner.,C,medium,Object-Level Authorization,
"In a code review, you notice that authenticated users can sometimes access another user's invoice by changing an identifier in the URL. Which improvement should be prioritized before release?","Enforce object-level authorization on the server for every protected resource, independent of client routing.",Hide invoice links in the UI when the user is not the owner.,Use longer random invoice identifiers so guessing becomes less convenient.,Check authorization only at login because the session already proves the user is valid.,A,medium,Object-Level Authorization,
A candidate is asked to redesign a feature because authenticated users can sometimes access another user's invoice by changing an identifier in the URL. Which answer shows the best full-stack judgment?,"Enforce object-level authorization on the server for every protected resource, independent of client routing.",Use longer random invoice identifiers so guessing becomes less convenient.,Check authorization only at login because the session already proves the user is valid.,Hide invoice links in the UI when the user is not the owner.,A,medium,Object-Level Authorization,
A team is reviewing a full-stack feature where a full-stack app stores credentials and the team wants safer login without making the database unusable. Which design choice is the strongest long-term fix?,Base64-encode passwords before storing them so raw text is not visible in database tools.,"Hash passwords with a slow adaptive password hashing algorithm, unique salts, and secure reset flows.",Hash passwords quickly with a general-purpose hash to keep sign-in latency minimal.,Encrypt passwords with an application secret so the server can decrypt them during login.,B,medium,Password Storage Security,
"During production debugging, engineers discover that a full-stack app stores credentials and the team wants safer login without making the database unusable. Which response best addresses the root cause rather than only the symptom?",Hash passwords quickly with a general-purpose hash to keep sign-in latency minimal.,Encrypt passwords with an application secret so the server can decrypt them during login.,"Hash passwords with a slow adaptive password hashing algorithm, unique salts, and secure reset flows.",Base64-encode passwords before storing them so raw text is not visible in database tools.,C,medium,Password Storage Security,
A senior developer asks how to make the system safer when a full-stack app stores credentials and the team wants safer login without making the database unusable. Which option is the most technically sound?,"Hash passwords with a slow adaptive password hashing algorithm, unique salts, and secure reset flows.",Base64-encode passwords before storing them so raw text is not visible in database tools.,Hash passwords quickly with a general-purpose hash to keep sign-in latency minimal.,Encrypt passwords with an application secret so the server can decrypt them during login.,A,medium,Password Storage Security,
"In a code review, you notice that a full-stack app stores credentials and the team wants safer login without making the database unusable. Which improvement should be prioritized before release?",Hash passwords quickly with a general-purpose hash to keep sign-in latency minimal.,Encrypt passwords with an application secret so the server can decrypt them during login.,Base64-encode passwords before storing them so raw text is not visible in database tools.,"Hash passwords with a slow adaptive password hashing algorithm, unique salts, and secure reset flows.",D,medium,Password Storage Security,
A candidate is asked to redesign a feature because a full-stack app stores credentials and the team wants safer login without making the database unusable. Which answer shows the best full-stack judgment?,"Hash passwords with a slow adaptive password hashing algorithm, unique salts, and secure reset flows.",Base64-encode passwords before storing them so raw text is not visible in database tools.,Hash passwords quickly with a general-purpose hash to keep sign-in latency minimal.,Encrypt passwords with an application secret so the server can decrypt them during login.,A,medium,Password Storage Security,
A team is reviewing a full-stack feature where a search endpoint builds a query from user filters and an attacker can change the WHERE clause. Which design choice is the strongest long-term fix?,Move the SQL builder to the frontend so users cannot directly edit backend code.,Use parameterized queries or prepared statements and validate allowed fields for dynamic query parts.,Escape single quotes manually before joining the string into SQL.,"Reject requests containing words such as DROP, UNION, or SELECT.",B,medium,SQL Injection Prevention,
"During production debugging, engineers discover that a search endpoint builds a query from user filters and an attacker can change the WHERE clause. Which response best addresses the root cause rather than only the symptom?",Escape single quotes manually before joining the string into SQL.,"Reject requests containing words such as DROP, UNION, or SELECT.",Move the SQL builder to the frontend so users cannot directly edit backend code.,Use parameterized queries or prepared statements and validate allowed fields for dynamic query parts.,D,medium,SQL Injection Prevention,
A senior developer asks how to make the system safer when a search endpoint builds a query from user filters and an attacker can change the WHERE clause. Which option is the most technically sound?,"Reject requests containing words such as DROP, UNION, or SELECT.",Move the SQL builder to the frontend so users cannot directly edit backend code.,Escape single quotes manually before joining the string into SQL.,Use parameterized queries or prepared statements and validate allowed fields for dynamic query parts.,D,medium,SQL Injection Prevention,
"In a code review, you notice that a search endpoint builds a query from user filters and an attacker can change the WHERE clause. Which improvement should be prioritized before release?",Use parameterized queries or prepared statements and validate allowed fields for dynamic query parts.,Escape single quotes manually before joining the string into SQL.,Move the SQL builder to the frontend so users cannot directly edit backend code.,"Reject requests containing words such as DROP, UNION, or SELECT.",A,medium,SQL Injection Prevention,
A candidate is asked to redesign a feature because a search endpoint builds a query from user filters and an attacker can change the WHERE clause. Which answer shows the best full-stack judgment?,Move the SQL builder to the frontend so users cannot directly edit backend code.,Escape single quotes manually before joining the string into SQL.,Use parameterized queries or prepared statements and validate allowed fields for dynamic query parts.,"Reject requests containing words such as DROP, UNION, or SELECT.",C,medium,SQL Injection Prevention,
A team is reviewing a full-stack feature where user-generated comments are displayed across pages and one comment executes script in another user's browser. Which design choice is the strongest long-term fix?,Store comments as images so browser script tags are not directly inserted.,Block only comments containing the exact substring <script>.,Trust content after login because authenticated users are accountable.,"Treat content as untrusted, encode output by context, sanitize allowed HTML, and add defense-in-depth headers such as CSP.",D,medium,Cross-Site Scripting Defense,
"During production debugging, engineers discover that user-generated comments are displayed across pages and one comment executes script in another user's browser. Which response best addresses the root cause rather than only the symptom?","Treat content as untrusted, encode output by context, sanitize allowed HTML, and add defense-in-depth headers such as CSP.",Trust content after login because authenticated users are accountable.,Store comments as images so browser script tags are not directly inserted.,Block only comments containing the exact substring <script>.,A,medium,Cross-Site Scripting Defense,
A senior developer asks how to make the system safer when user-generated comments are displayed across pages and one comment executes script in another user's browser. Which option is the most technically sound?,Store comments as images so browser script tags are not directly inserted.,Block only comments containing the exact substring <script>.,Trust content after login because authenticated users are accountable.,"Treat content as untrusted, encode output by context, sanitize allowed HTML, and add defense-in-depth headers such as CSP.",D,medium,Cross-Site Scripting Defense,
"In a code review, you notice that user-generated comments are displayed across pages and one comment executes script in another user's browser. Which improvement should be prioritized before release?","Treat content as untrusted, encode output by context, sanitize allowed HTML, and add defense-in-depth headers such as CSP.",Block only comments containing the exact substring <script>.,Store comments as images so browser script tags are not directly inserted.,Trust content after login because authenticated users are accountable.,A,medium,Cross-Site Scripting Defense,
A candidate is asked to redesign a feature because user-generated comments are displayed across pages and one comment executes script in another user's browser. Which answer shows the best full-stack judgment?,Block only comments containing the exact substring <script>.,Store comments as images so browser script tags are not directly inserted.,"Treat content as untrusted, encode output by context, sanitize allowed HTML, and add defense-in-depth headers such as CSP.",Trust content after login because authenticated users are accountable.,C,medium,Cross-Site Scripting Defense,
A team is reviewing a full-stack feature where a cookie-authenticated admin action can be triggered by a hidden form on another website. Which design choice is the strongest long-term fix?,Use SameSite cookies where appropriate and require CSRF tokens or equivalent request verification for state-changing actions.,Switch all state-changing requests from POST to GET so they become visible in browser history.,Rely on CORS alone because cross-origin forms cannot send cookies.,Ask admins to keep only one browser tab open during sensitive operations.,A,medium,CSRF Protection,
"During production debugging, engineers discover that a cookie-authenticated admin action can be triggered by a hidden form on another website. Which response best addresses the root cause rather than only the symptom?",Use SameSite cookies where appropriate and require CSRF tokens or equivalent request verification for state-changing actions.,Switch all state-changing requests from POST to GET so they become visible in browser history.,Ask admins to keep only one browser tab open during sensitive operations.,Rely on CORS alone because cross-origin forms cannot send cookies.,A,medium,CSRF Protection,
A senior developer asks how to make the system safer when a cookie-authenticated admin action can be triggered by a hidden form on another website. Which option is the most technically sound?,Switch all state-changing requests from POST to GET so they become visible in browser history.,Ask admins to keep only one browser tab open during sensitive operations.,Rely on CORS alone because cross-origin forms cannot send cookies.,Use SameSite cookies where appropriate and require CSRF tokens or equivalent request verification for state-changing actions.,D,medium,CSRF Protection,
"In a code review, you notice that a cookie-authenticated admin action can be triggered by a hidden form on another website. Which improvement should be prioritized before release?",Use SameSite cookies where appropriate and require CSRF tokens or equivalent request verification for state-changing actions.,Switch all state-changing requests from POST to GET so they become visible in browser history.,Ask admins to keep only one browser tab open during sensitive operations.,Rely on CORS alone because cross-origin forms cannot send cookies.,A,medium,CSRF Protection,
A candidate is asked to redesign a feature because a cookie-authenticated admin action can be triggered by a hidden form on another website. Which answer shows the best full-stack judgment?,Use SameSite cookies where appropriate and require CSRF tokens or equivalent request verification for state-changing actions.,Ask admins to keep only one browser tab open during sensitive operations.,Switch all state-changing requests from POST to GET so they become visible in browser history.,Rely on CORS alone because cross-origin forms cannot send cookies.,A,medium,CSRF Protection,
A team is reviewing a full-stack feature where an activity feed changes while users scroll and offset-based pages show duplicates or skip records. Which design choice is the strongest long-term fix?,Increase the page size so duplicates become less noticeable.,Sort the feed randomly on each request so users see more varied data.,Keep offset pagination but retry skipped pages until the frontend has enough items.,Use stable cursor-based pagination with a deterministic ordering and a tie-breaker such as created_at plus id.,D,medium,Pagination Design,
"During production debugging, engineers discover that an activity feed changes while users scroll and offset-based pages show duplicates or skip records. Which response best addresses the root cause rather than only the symptom?",Increase the page size so duplicates become less noticeable.,Sort the feed randomly on each request so users see more varied data.,Use stable cursor-based pagination with a deterministic ordering and a tie-breaker such as created_at plus id.,Keep offset pagination but retry skipped pages until the frontend has enough items.,C,medium,Pagination Design,
A senior developer asks how to make the system safer when an activity feed changes while users scroll and offset-based pages show duplicates or skip records. Which option is the most technically sound?,Use stable cursor-based pagination with a deterministic ordering and a tie-breaker such as created_at plus id.,Increase the page size so duplicates become less noticeable.,Sort the feed randomly on each request so users see more varied data.,Keep offset pagination but retry skipped pages until the frontend has enough items.,A,medium,Pagination Design,
"In a code review, you notice that an activity feed changes while users scroll and offset-based pages show duplicates or skip records. Which improvement should be prioritized before release?",Increase the page size so duplicates become less noticeable.,Sort the feed randomly on each request so users see more varied data.,Use stable cursor-based pagination with a deterministic ordering and a tie-breaker such as created_at plus id.,Keep offset pagination but retry skipped pages until the frontend has enough items.,C,medium,Pagination Design,
A candidate is asked to redesign a feature because an activity feed changes while users scroll and offset-based pages show duplicates or skip records. Which answer shows the best full-stack judgment?,Use stable cursor-based pagination with a deterministic ordering and a tie-breaker such as created_at plus id.,Sort the feed randomly on each request so users see more varied data.,Increase the page size so duplicates become less noticeable.,Keep offset pagination but retry skipped pages until the frontend has enough items.,A,medium,Pagination Design,
"A team is reviewing a full-stack feature where an API returns 200 for validation errors, missing resources, and authorization failures, confusing clients. Which design choice is the strongest long-term fix?","Use precise status codes and consistent error bodies so clients distinguish validation, authentication, authorization, and server failures.",Put the real status only in the frontend message and keep the backend response unchanged.,Always return 200 with an error flag because every response is technically delivered successfully.,Return 500 for all failed requests so monitoring detects every problem.,A,medium,API Error Semantics,
"During production debugging, engineers discover that an API returns 200 for validation errors, missing resources, and authorization failures, confusing clients. Which response best addresses the root cause rather than only the symptom?",Put the real status only in the frontend message and keep the backend response unchanged.,Always return 200 with an error flag because every response is technically delivered successfully.,"Use precise status codes and consistent error bodies so clients distinguish validation, authentication, authorization, and server failures.",Return 500 for all failed requests so monitoring detects every problem.,C,medium,API Error Semantics,
"A senior developer asks how to make the system safer when an API returns 200 for validation errors, missing resources, and authorization failures, confusing clients. Which option is the most technically sound?","Use precise status codes and consistent error bodies so clients distinguish validation, authentication, authorization, and server failures.",Always return 200 with an error flag because every response is technically delivered successfully.,Return 500 for all failed requests so monitoring detects every problem.,Put the real status only in the frontend message and keep the backend response unchanged.,A,medium,API Error Semantics,
"In a code review, you notice that an API returns 200 for validation errors, missing resources, and authorization failures, confusing clients. Which improvement should be prioritized before release?","Use precise status codes and consistent error bodies so clients distinguish validation, authentication, authorization, and server failures.",Put the real status only in the frontend message and keep the backend response unchanged.,Always return 200 with an error flag because every response is technically delivered successfully.,Return 500 for all failed requests so monitoring detects every problem.,A,medium,API Error Semantics,
"A candidate is asked to redesign a feature because an API returns 200 for validation errors, missing resources, and authorization failures, confusing clients. Which answer shows the best full-stack judgment?",Return 500 for all failed requests so monitoring detects every problem.,Always return 200 with an error flag because every response is technically delivered successfully.,Put the real status only in the frontend message and keep the backend response unchanged.,"Use precise status codes and consistent error bodies so clients distinguish validation, authentication, authorization, and server failures.",D,medium,API Error Semantics,
A team is reviewing a full-stack feature where two administrators edit the same record and the later save silently overwrites the earlier update. Which design choice is the strongest long-term fix?,Show a warning that concurrent editing is discouraged but keep saves unconditional.,Let the frontend merge fields by timestamp without asking the server to check versions.,"Use version fields, ETags, or compare-and-swap checks so conflicting updates are detected before committing.",Lock the whole table whenever an administrator opens the edit screen.,C,medium,Concurrent Update Control,
"During production debugging, engineers discover that two administrators edit the same record and the later save silently overwrites the earlier update. Which response best addresses the root cause rather than only the symptom?","Use version fields, ETags, or compare-and-swap checks so conflicting updates are detected before committing.",Let the frontend merge fields by timestamp without asking the server to check versions.,Lock the whole table whenever an administrator opens the edit screen.,Show a warning that concurrent editing is discouraged but keep saves unconditional.,A,medium,Concurrent Update Control,
A senior developer asks how to make the system safer when two administrators edit the same record and the later save silently overwrites the earlier update. Which option is the most technically sound?,Show a warning that concurrent editing is discouraged but keep saves unconditional.,"Use version fields, ETags, or compare-and-swap checks so conflicting updates are detected before committing.",Let the frontend merge fields by timestamp without asking the server to check versions.,Lock the whole table whenever an administrator opens the edit screen.,B,medium,Concurrent Update Control,
"In a code review, you notice that two administrators edit the same record and the later save silently overwrites the earlier update. Which improvement should be prioritized before release?","Use version fields, ETags, or compare-and-swap checks so conflicting updates are detected before committing.",Lock the whole table whenever an administrator opens the edit screen.,Show a warning that concurrent editing is discouraged but keep saves unconditional.,Let the frontend merge fields by timestamp without asking the server to check versions.,A,medium,Concurrent Update Control,
A candidate is asked to redesign a feature because two administrators edit the same record and the later save silently overwrites the earlier update. Which answer shows the best full-stack judgment?,"Use version fields, ETags, or compare-and-swap checks so conflicting updates are detected before committing.",Lock the whole table whenever an administrator opens the edit screen.,Show a warning that concurrent editing is discouraged but keep saves unconditional.,Let the frontend merge fields by timestamp without asking the server to check versions.,A,medium,Concurrent Update Control,
A team is reviewing a full-stack feature where a dashboard query is slow under load even though it returns few rows from a large table. Which design choice is the strongest long-term fix?,"Add indexes that match the query's filtering, joining, and ordering pattern, then verify with an execution plan.",Move the database to a larger server before changing schema design.,Add indexes on every column so the optimizer always has choices.,Cache the slow query forever because dashboard data usually repeats.,A,medium,Database Indexing,
"During production debugging, engineers discover that a dashboard query is slow under load even though it returns few rows from a large table. Which response best addresses the root cause rather than only the symptom?",Move the database to a larger server before changing schema design.,Add indexes on every column so the optimizer always has choices.,"Add indexes that match the query's filtering, joining, and ordering pattern, then verify with an execution plan.",Cache the slow query forever because dashboard data usually repeats.,C,medium,Database Indexing,
A senior developer asks how to make the system safer when a dashboard query is slow under load even though it returns few rows from a large table. Which option is the most technically sound?,"Add indexes that match the query's filtering, joining, and ordering pattern, then verify with an execution plan.",Cache the slow query forever because dashboard data usually repeats.,Add indexes on every column so the optimizer always has choices.,Move the database to a larger server before changing schema design.,A,medium,Database Indexing,
"In a code review, you notice that a dashboard query is slow under load even though it returns few rows from a large table. Which improvement should be prioritized before release?",Move the database to a larger server before changing schema design.,"Add indexes that match the query's filtering, joining, and ordering pattern, then verify with an execution plan.",Add indexes on every column so the optimizer always has choices.,Cache the slow query forever because dashboard data usually repeats.,B,medium,Database Indexing,
A candidate is asked to redesign a feature because a dashboard query is slow under load even though it returns few rows from a large table. Which answer shows the best full-stack judgment?,"Add indexes that match the query's filtering, joining, and ordering pattern, then verify with an execution plan.",Move the database to a larger server before changing schema design.,Cache the slow query forever because dashboard data usually repeats.,Add indexes on every column so the optimizer always has choices.,A,medium,Database Indexing,
A team is reviewing a full-stack feature where an inventory checkout occasionally sells the last item twice when two buyers confirm at nearly the same time. Which design choice is the strongest long-term fix?,"Read the stock first, then update it in a later request if the frontend still shows availability.",Rely on JavaScript disabling the checkout button after the first click.,Use a transaction with appropriate locking or conditional update semantics around the stock decrement.,Run a nightly reconciliation job and email one buyer if overselling is detected.,C,medium,Transaction & Stock Consistency,
"During production debugging, engineers discover that an inventory checkout occasionally sells the last item twice when two buyers confirm at nearly the same time. Which response best addresses the root cause rather than only the symptom?","Read the stock first, then update it in a later request if the frontend still shows availability.",Run a nightly reconciliation job and email one buyer if overselling is detected.,Rely on JavaScript disabling the checkout button after the first click.,Use a transaction with appropriate locking or conditional update semantics around the stock decrement.,D,medium,Transaction & Stock Consistency,
A senior developer asks how to make the system safer when an inventory checkout occasionally sells the last item twice when two buyers confirm at nearly the same time. Which option is the most technically sound?,Run a nightly reconciliation job and email one buyer if overselling is detected.,Use a transaction with appropriate locking or conditional update semantics around the stock decrement.,"Read the stock first, then update it in a later request if the frontend still shows availability.",Rely on JavaScript disabling the checkout button after the first click.,B,medium,Transaction & Stock Consistency,
"In a code review, you notice that an inventory checkout occasionally sells the last item twice when two buyers confirm at nearly the same time. Which improvement should be prioritized before release?","Read the stock first, then update it in a later request if the frontend still shows availability.",Rely on JavaScript disabling the checkout button after the first click.,Run a nightly reconciliation job and email one buyer if overselling is detected.,Use a transaction with appropriate locking or conditional update semantics around the stock decrement.,D,medium,Transaction & Stock Consistency,
A candidate is asked to redesign a feature because an inventory checkout occasionally sells the last item twice when two buyers confirm at nearly the same time. Which answer shows the best full-stack judgment?,"Read the stock first, then update it in a later request if the frontend still shows availability.",Rely on JavaScript disabling the checkout button after the first click.,Use a transaction with appropriate locking or conditional update semantics around the stock decrement.,Run a nightly reconciliation job and email one buyer if overselling is detected.,C,medium,Transaction & Stock Consistency,
A team is reviewing a full-stack feature where a page lists orders with customer and item details and database calls grow linearly with each row. Which design choice is the strongest long-term fix?,Add a loading spinner so users understand why the page waits.,"Batch related loads, join where appropriate, or use eager loading with careful field selection.",Make the frontend request each row detail after the main list arrives.,Increase the database connection pool so more small queries can run simultaneously.,B,medium,N+1 Query Optimization,
"During production debugging, engineers discover that a page lists orders with customer and item details and database calls grow linearly with each row. Which response best addresses the root cause rather than only the symptom?","Batch related loads, join where appropriate, or use eager loading with careful field selection.",Make the frontend request each row detail after the main list arrives.,Add a loading spinner so users understand why the page waits.,Increase the database connection pool so more small queries can run simultaneously.,A,medium,N+1 Query Optimization,
A senior developer asks how to make the system safer when a page lists orders with customer and item details and database calls grow linearly with each row. Which option is the most technically sound?,Increase the database connection pool so more small queries can run simultaneously.,Add a loading spinner so users understand why the page waits.,"Batch related loads, join where appropriate, or use eager loading with careful field selection.",Make the frontend request each row detail after the main list arrives.,C,medium,N+1 Query Optimization,
"In a code review, you notice that a page lists orders with customer and item details and database calls grow linearly with each row. Which improvement should be prioritized before release?",Increase the database connection pool so more small queries can run simultaneously.,"Batch related loads, join where appropriate, or use eager loading with careful field selection.",Add a loading spinner so users understand why the page waits.,Make the frontend request each row detail after the main list arrives.,B,medium,N+1 Query Optimization,
A candidate is asked to redesign a feature because a page lists orders with customer and item details and database calls grow linearly with each row. Which answer shows the best full-stack judgment?,Increase the database connection pool so more small queries can run simultaneously.,Make the frontend request each row detail after the main list arrives.,Add a loading spinner so users understand why the page waits.,"Batch related loads, join where appropriate, or use eager loading with careful field selection.",D,medium,N+1 Query Optimization,
A team is reviewing a full-stack feature where image processing during upload makes API requests time out and users retry repeatedly. Which design choice is the strongest long-term fix?,"Accept the upload, enqueue processing, return a job or resource state, and update the user when processing completes.",Do all processing in the frontend because the user already has the file locally.,Increase the HTTP timeout so the same request can finish eventually.,Block new uploads while the current worker is busy.,A,medium,Asynchronous Job Processing,
"During production debugging, engineers discover that image processing during upload makes API requests time out and users retry repeatedly. Which response best addresses the root cause rather than only the symptom?","Accept the upload, enqueue processing, return a job or resource state, and update the user when processing completes.",Block new uploads while the current worker is busy.,Increase the HTTP timeout so the same request can finish eventually.,Do all processing in the frontend because the user already has the file locally.,A,medium,Asynchronous Job Processing,
A senior developer asks how to make the system safer when image processing during upload makes API requests time out and users retry repeatedly. Which option is the most technically sound?,Block new uploads while the current worker is busy.,Increase the HTTP timeout so the same request can finish eventually.,Do all processing in the frontend because the user already has the file locally.,"Accept the upload, enqueue processing, return a job or resource state, and update the user when processing completes.",D,medium,Asynchronous Job Processing,
"In a code review, you notice that image processing during upload makes API requests time out and users retry repeatedly. Which improvement should be prioritized before release?",Block new uploads while the current worker is busy.,Do all processing in the frontend because the user already has the file locally.,Increase the HTTP timeout so the same request can finish eventually.,"Accept the upload, enqueue processing, return a job or resource state, and update the user when processing completes.",D,medium,Asynchronous Job Processing,
A candidate is asked to redesign a feature because image processing during upload makes API requests time out and users retry repeatedly. Which answer shows the best full-stack judgment?,Do all processing in the frontend because the user already has the file locally.,Block new uploads while the current worker is busy.,"Accept the upload, enqueue processing, return a job or resource state, and update the user when processing completes.",Increase the HTTP timeout so the same request can finish eventually.,C,medium,Asynchronous Job Processing,
A team is reviewing a full-stack feature where a public endpoint receives bursts that overload the database while legitimate users still need service. Which design choice is the strongest long-term fix?,"Apply rate limits, quotas, circuit breakers or queues, and graceful degradation near the API boundary.",Disable expensive endpoints permanently during traffic spikes.,Let every request reach the database so the system remains fair.,Add more frontend validation because invalid inputs are the only reason APIs overload.,A,medium,Rate Limiting & Resilience,
"During production debugging, engineers discover that a public endpoint receives bursts that overload the database while legitimate users still need service. Which response best addresses the root cause rather than only the symptom?",Disable expensive endpoints permanently during traffic spikes.,Let every request reach the database so the system remains fair.,"Apply rate limits, quotas, circuit breakers or queues, and graceful degradation near the API boundary.",Add more frontend validation because invalid inputs are the only reason APIs overload.,C,medium,Rate Limiting & Resilience,
A senior developer asks how to make the system safer when a public endpoint receives bursts that overload the database while legitimate users still need service. Which option is the most technically sound?,Disable expensive endpoints permanently during traffic spikes.,"Apply rate limits, quotas, circuit breakers or queues, and graceful degradation near the API boundary.",Let every request reach the database so the system remains fair.,Add more frontend validation because invalid inputs are the only reason APIs overload.,B,medium,Rate Limiting & Resilience,
"In a code review, you notice that a public endpoint receives bursts that overload the database while legitimate users still need service. Which improvement should be prioritized before release?",Add more frontend validation because invalid inputs are the only reason APIs overload.,"Apply rate limits, quotas, circuit breakers or queues, and graceful degradation near the API boundary.",Disable expensive endpoints permanently during traffic spikes.,Let every request reach the database so the system remains fair.,B,medium,Rate Limiting & Resilience,
A candidate is asked to redesign a feature because a public endpoint receives bursts that overload the database while legitimate users still need service. Which answer shows the best full-stack judgment?,Disable expensive endpoints permanently during traffic spikes.,Let every request reach the database so the system remains fair.,Add more frontend validation because invalid inputs are the only reason APIs overload.,"Apply rate limits, quotas, circuit breakers or queues, and graceful degradation near the API boundary.",D,medium,Rate Limiting & Resilience,
"A team is reviewing a full-stack feature where a failed checkout touches frontend, API, worker, and payment service logs but debugging requires manual guessing. Which design choice is the strongest long-term fix?",Rely on database timestamps to reconstruct the whole path after incidents.,Ask every service to log more lines using plain text so there is more information.,Store screenshots of the frontend error page for every user complaint.,"Propagate request or correlation IDs through logs, traces, and async jobs, with meaningful structured events.",D,medium,Observability & Correlation IDs,
"During production debugging, engineers discover that a failed checkout touches frontend, API, worker, and payment service logs but debugging requires manual guessing. Which response best addresses the root cause rather than only the symptom?","Propagate request or correlation IDs through logs, traces, and async jobs, with meaningful structured events.",Store screenshots of the frontend error page for every user complaint.,Ask every service to log more lines using plain text so there is more information.,Rely on database timestamps to reconstruct the whole path after incidents.,A,medium,Observability & Correlation IDs,
"A senior developer asks how to make the system safer when a failed checkout touches frontend, API, worker, and payment service logs but debugging requires manual guessing. Which option is the most technically sound?","Propagate request or correlation IDs through logs, traces, and async jobs, with meaningful structured events.",Ask every service to log more lines using plain text so there is more information.,Rely on database timestamps to reconstruct the whole path after incidents.,Store screenshots of the frontend error page for every user complaint.,A,medium,Observability & Correlation IDs,
"In a code review, you notice that a failed checkout touches frontend, API, worker, and payment service logs but debugging requires manual guessing. Which improvement should be prioritized before release?",Rely on database timestamps to reconstruct the whole path after incidents.,"Propagate request or correlation IDs through logs, traces, and async jobs, with meaningful structured events.",Ask every service to log more lines using plain text so there is more information.,Store screenshots of the frontend error page for every user complaint.,B,medium,Observability & Correlation IDs,
"A candidate is asked to redesign a feature because a failed checkout touches frontend, API, worker, and payment service logs but debugging requires manual guessing. Which answer shows the best full-stack judgment?",Ask every service to log more lines using plain text so there is more information.,"Propagate request or correlation IDs through logs, traces, and async jobs, with meaningful structured events.",Rely on database timestamps to reconstruct the whole path after incidents.,Store screenshots of the frontend error page for every user complaint.,B,medium,Observability & Correlation IDs,
A team is reviewing a full-stack feature where a component stores filtered items separately and the UI sometimes shows stale results after props change. Which design choice is the strongest long-term fix?,Force a full page reload when filters change so the state resets.,Keep both values and manually update them in every event handler.,Add another useEffect to synchronize the duplicate state after every render.,Derive filtered values from current props/state or memoize pure calculations instead of duplicating source-of-truth state.,D,medium,React Derived State,
"During production debugging, engineers discover that a component stores filtered items separately and the UI sometimes shows stale results after props change. Which response best addresses the root cause rather than only the symptom?",Keep both values and manually update them in every event handler.,Add another useEffect to synchronize the duplicate state after every render.,Force a full page reload when filters change so the state resets.,Derive filtered values from current props/state or memoize pure calculations instead of duplicating source-of-truth state.,D,medium,React Derived State,
A senior developer asks how to make the system safer when a component stores filtered items separately and the UI sometimes shows stale results after props change. Which option is the most technically sound?,Keep both values and manually update them in every event handler.,Derive filtered values from current props/state or memoize pure calculations instead of duplicating source-of-truth state.,Force a full page reload when filters change so the state resets.,Add another useEffect to synchronize the duplicate state after every render.,B,medium,React Derived State,
"In a code review, you notice that a component stores filtered items separately and the UI sometimes shows stale results after props change. Which improvement should be prioritized before release?",Keep both values and manually update them in every event handler.,Derive filtered values from current props/state or memoize pure calculations instead of duplicating source-of-truth state.,Add another useEffect to synchronize the duplicate state after every render.,Force a full page reload when filters change so the state resets.,B,medium,React Derived State,
A candidate is asked to redesign a feature because a component stores filtered items separately and the UI sometimes shows stale results after props change. Which answer shows the best full-stack judgment?,Add another useEffect to synchronize the duplicate state after every render.,Force a full page reload when filters change so the state resets.,Keep both values and manually update them in every event handler.,Derive filtered values from current props/state or memoize pure calculations instead of duplicating source-of-truth state.,D,medium,React Derived State,
A team is reviewing a full-stack feature where a React effect fetches data but sometimes uses an old search term or refetches in a loop. Which design choice is the strongest long-term fix?,Disable the linter rule because the current behavior looks correct during testing.,Move the fetch into render so it always uses the latest value.,Remove the dependency array so React decides when to run it.,"Make dependencies explicit, separate event logic from effects, and cancel or ignore stale async results.",D,medium,React Effects & Async State,
"During production debugging, engineers discover that a React effect fetches data but sometimes uses an old search term or refetches in a loop. Which response best addresses the root cause rather than only the symptom?",Move the fetch into render so it always uses the latest value.,Remove the dependency array so React decides when to run it.,Disable the linter rule because the current behavior looks correct during testing.,"Make dependencies explicit, separate event logic from effects, and cancel or ignore stale async results.",D,medium,React Effects & Async State,
A senior developer asks how to make the system safer when a React effect fetches data but sometimes uses an old search term or refetches in a loop. Which option is the most technically sound?,Remove the dependency array so React decides when to run it.,Move the fetch into render so it always uses the latest value.,Disable the linter rule because the current behavior looks correct during testing.,"Make dependencies explicit, separate event logic from effects, and cancel or ignore stale async results.",D,medium,React Effects & Async State,
"In a code review, you notice that a React effect fetches data but sometimes uses an old search term or refetches in a loop. Which improvement should be prioritized before release?",Remove the dependency array so React decides when to run it.,Move the fetch into render so it always uses the latest value.,Disable the linter rule because the current behavior looks correct during testing.,"Make dependencies explicit, separate event logic from effects, and cancel or ignore stale async results.",D,medium,React Effects & Async State,
A candidate is asked to redesign a feature because a React effect fetches data but sometimes uses an old search term or refetches in a loop. Which answer shows the best full-stack judgment?,Remove the dependency array so React decides when to run it.,Disable the linter rule because the current behavior looks correct during testing.,"Make dependencies explicit, separate event logic from effects, and cancel or ignore stale async results.",Move the fetch into render so it always uses the latest value.,C,medium,React Effects & Async State,
A team is reviewing a full-stack feature where a server-rendered page shows a hydration mismatch because client-only values differ from server HTML. Which design choice is the strongest long-term fix?,Ignore hydration warnings because React will eventually replace the incorrect markup.,Render deterministic server output and move browser-only reads into client effects or guarded client components.,Disable SSR for the whole application to avoid all mismatches.,Read localStorage during server rendering and fallback to an empty string.,B,medium,SSR Hydration Correctness,
"During production debugging, engineers discover that a server-rendered page shows a hydration mismatch because client-only values differ from server HTML. Which response best addresses the root cause rather than only the symptom?",Ignore hydration warnings because React will eventually replace the incorrect markup.,Render deterministic server output and move browser-only reads into client effects or guarded client components.,Disable SSR for the whole application to avoid all mismatches.,Read localStorage during server rendering and fallback to an empty string.,B,medium,SSR Hydration Correctness,
A senior developer asks how to make the system safer when a server-rendered page shows a hydration mismatch because client-only values differ from server HTML. Which option is the most technically sound?,Disable SSR for the whole application to avoid all mismatches.,Ignore hydration warnings because React will eventually replace the incorrect markup.,Read localStorage during server rendering and fallback to an empty string.,Render deterministic server output and move browser-only reads into client effects or guarded client components.,D,medium,SSR Hydration Correctness,
"In a code review, you notice that a server-rendered page shows a hydration mismatch because client-only values differ from server HTML. Which improvement should be prioritized before release?",Disable SSR for the whole application to avoid all mismatches.,Render deterministic server output and move browser-only reads into client effects or guarded client components.,Read localStorage during server rendering and fallback to an empty string.,Ignore hydration warnings because React will eventually replace the incorrect markup.,B,medium,SSR Hydration Correctness,
A candidate is asked to redesign a feature because a server-rendered page shows a hydration mismatch because client-only values differ from server HTML. Which answer shows the best full-stack judgment?,Render deterministic server output and move browser-only reads into client effects or guarded client components.,Disable SSR for the whole application to avoid all mismatches.,Read localStorage during server rendering and fallback to an empty string.,Ignore hydration warnings because React will eventually replace the incorrect markup.,A,medium,SSR Hydration Correctness,
A team is reviewing a full-stack feature where a checkout form works visually but screen-reader users cannot tell which validation error belongs to which field. Which design choice is the strongest long-term fix?,Put all errors in one paragraph at the bottom without linking them to inputs.,"Use semantic labels, programmatic error associations, focus management, and accessible status messaging.",Replace text labels with placeholders to reduce clutter.,Add red borders to invalid fields because visual feedback is enough for most users.,B,medium,Accessibility & Form UX,
"During production debugging, engineers discover that a checkout form works visually but screen-reader users cannot tell which validation error belongs to which field. Which response best addresses the root cause rather than only the symptom?",Add red borders to invalid fields because visual feedback is enough for most users.,Put all errors in one paragraph at the bottom without linking them to inputs.,Replace text labels with placeholders to reduce clutter.,"Use semantic labels, programmatic error associations, focus management, and accessible status messaging.",D,medium,Accessibility & Form UX,
A senior developer asks how to make the system safer when a checkout form works visually but screen-reader users cannot tell which validation error belongs to which field. Which option is the most technically sound?,"Use semantic labels, programmatic error associations, focus management, and accessible status messaging.",Add red borders to invalid fields because visual feedback is enough for most users.,Replace text labels with placeholders to reduce clutter.,Put all errors in one paragraph at the bottom without linking them to inputs.,A,medium,Accessibility & Form UX,
"In a code review, you notice that a checkout form works visually but screen-reader users cannot tell which validation error belongs to which field. Which improvement should be prioritized before release?",Put all errors in one paragraph at the bottom without linking them to inputs.,Add red borders to invalid fields because visual feedback is enough for most users.,Replace text labels with placeholders to reduce clutter.,"Use semantic labels, programmatic error associations, focus management, and accessible status messaging.",D,medium,Accessibility & Form UX,
A candidate is asked to redesign a feature because a checkout form works visually but screen-reader users cannot tell which validation error belongs to which field. Which answer shows the best full-stack judgment?,Replace text labels with placeholders to reduce clutter.,Add red borders to invalid fields because visual feedback is enough for most users.,Put all errors in one paragraph at the bottom without linking them to inputs.,"Use semantic labels, programmatic error associations, focus management, and accessible status messaging.",D,medium,Accessibility & Form UX,
A team is reviewing a full-stack feature where the first load is heavy because rarely used admin charts and editors are bundled into the customer homepage. Which design choice is the strongest long-term fix?,Cache the bundle for a year without changing how it is built.,Minify the same single bundle and hope compression offsets all unused code.,"Split code by route or feature, lazy-load heavy modules, and measure impact with real performance metrics.",Move the heavy components below the fold but keep them in the initial bundle.,C,medium,Frontend Bundle Performance,
"During production debugging, engineers discover that the first load is heavy because rarely used admin charts and editors are bundled into the customer homepage. Which response best addresses the root cause rather than only the symptom?",Minify the same single bundle and hope compression offsets all unused code.,Cache the bundle for a year without changing how it is built.,Move the heavy components below the fold but keep them in the initial bundle.,"Split code by route or feature, lazy-load heavy modules, and measure impact with real performance metrics.",D,medium,Frontend Bundle Performance,
A senior developer asks how to make the system safer when the first load is heavy because rarely used admin charts and editors are bundled into the customer homepage. Which option is the most technically sound?,Move the heavy components below the fold but keep them in the initial bundle.,Minify the same single bundle and hope compression offsets all unused code.,Cache the bundle for a year without changing how it is built.,"Split code by route or feature, lazy-load heavy modules, and measure impact with real performance metrics.",D,medium,Frontend Bundle Performance,
"In a code review, you notice that the first load is heavy because rarely used admin charts and editors are bundled into the customer homepage. Which improvement should be prioritized before release?","Split code by route or feature, lazy-load heavy modules, and measure impact with real performance metrics.",Cache the bundle for a year without changing how it is built.,Minify the same single bundle and hope compression offsets all unused code.,Move the heavy components below the fold but keep them in the initial bundle.,A,medium,Frontend Bundle Performance,
A candidate is asked to redesign a feature because the first load is heavy because rarely used admin charts and editors are bundled into the customer homepage. Which answer shows the best full-stack judgment?,"Split code by route or feature, lazy-load heavy modules, and measure impact with real performance metrics.",Move the heavy components below the fold but keep them in the initial bundle.,Cache the bundle for a year without changing how it is built.,Minify the same single bundle and hope compression offsets all unused code.,A,medium,Frontend Bundle Performance,
"A team is reviewing a full-stack feature where frontend validation accepts a value but backend rejects it, producing inconsistent user experiences. Which design choice is the strongest long-term fix?",Trust frontend validation because users interact there first.,Accept backend-only validation and show generic failure messages for all mismatches.,Duplicate validation logic manually in both places and update whichever breaks first.,Define server-authoritative validation and optionally share schemas or generated contracts with the frontend.,D,medium,Validation Contracts,
"During production debugging, engineers discover that frontend validation accepts a value but backend rejects it, producing inconsistent user experiences. Which response best addresses the root cause rather than only the symptom?",Accept backend-only validation and show generic failure messages for all mismatches.,Duplicate validation logic manually in both places and update whichever breaks first.,Trust frontend validation because users interact there first.,Define server-authoritative validation and optionally share schemas or generated contracts with the frontend.,D,medium,Validation Contracts,
"A senior developer asks how to make the system safer when frontend validation accepts a value but backend rejects it, producing inconsistent user experiences. Which option is the most technically sound?",Accept backend-only validation and show generic failure messages for all mismatches.,Trust frontend validation because users interact there first.,Duplicate validation logic manually in both places and update whichever breaks first.,Define server-authoritative validation and optionally share schemas or generated contracts with the frontend.,D,medium,Validation Contracts,
"In a code review, you notice that frontend validation accepts a value but backend rejects it, producing inconsistent user experiences. Which improvement should be prioritized before release?",Trust frontend validation because users interact there first.,Define server-authoritative validation and optionally share schemas or generated contracts with the frontend.,Duplicate validation logic manually in both places and update whichever breaks first.,Accept backend-only validation and show generic failure messages for all mismatches.,B,medium,Validation Contracts,
"A candidate is asked to redesign a feature because frontend validation accepts a value but backend rejects it, producing inconsistent user experiences. Which answer shows the best full-stack judgment?",Define server-authoritative validation and optionally share schemas or generated contracts with the frontend.,Duplicate validation logic manually in both places and update whichever breaks first.,Accept backend-only validation and show generic failure messages for all mismatches.,Trust frontend validation because users interact there first.,A,medium,Validation Contracts,
A team is reviewing a full-stack feature where large uploads pass through the application server and cause memory spikes during busy hours. Which design choice is the strongest long-term fix?,Increase the maximum body size and add a bigger server instance.,Use streaming or direct-to-object-storage uploads with signed URLs and server-side metadata validation.,Store files directly inside the relational database for easier joins.,Read each full file into memory before writing it so validation is simple.,B,medium,File Upload Architecture,
"During production debugging, engineers discover that large uploads pass through the application server and cause memory spikes during busy hours. Which response best addresses the root cause rather than only the symptom?",Store files directly inside the relational database for easier joins.,Use streaming or direct-to-object-storage uploads with signed URLs and server-side metadata validation.,Increase the maximum body size and add a bigger server instance.,Read each full file into memory before writing it so validation is simple.,B,medium,File Upload Architecture,
A senior developer asks how to make the system safer when large uploads pass through the application server and cause memory spikes during busy hours. Which option is the most technically sound?,Use streaming or direct-to-object-storage uploads with signed URLs and server-side metadata validation.,Read each full file into memory before writing it so validation is simple.,Store files directly inside the relational database for easier joins.,Increase the maximum body size and add a bigger server instance.,A,medium,File Upload Architecture,
"In a code review, you notice that large uploads pass through the application server and cause memory spikes during busy hours. Which improvement should be prioritized before release?",Read each full file into memory before writing it so validation is simple.,Increase the maximum body size and add a bigger server instance.,Store files directly inside the relational database for easier joins.,Use streaming or direct-to-object-storage uploads with signed URLs and server-side metadata validation.,D,medium,File Upload Architecture,
A candidate is asked to redesign a feature because large uploads pass through the application server and cause memory spikes during busy hours. Which answer shows the best full-stack judgment?,Store files directly inside the relational database for easier joins.,Use streaming or direct-to-object-storage uploads with signed URLs and server-side metadata validation.,Read each full file into memory before writing it so validation is simple.,Increase the maximum body size and add a bigger server instance.,B,medium,File Upload Architecture,
"A team is reviewing a full-stack feature where the same codebase runs locally, in staging, and in production with different databases and API keys. Which design choice is the strongest long-term fix?",Put secrets in frontend build variables because the UI needs to call APIs.,Hard-code production values and override them manually during local testing.,Commit a complete .env file so every developer has the same setup.,"Use environment-specific configuration and secret management, keeping secrets out of source control and images.",D,medium,Environment Config & Secrets,
"During production debugging, engineers discover that the same codebase runs locally, in staging, and in production with different databases and API keys. Which response best addresses the root cause rather than only the symptom?",Put secrets in frontend build variables because the UI needs to call APIs.,Hard-code production values and override them manually during local testing.,Commit a complete .env file so every developer has the same setup.,"Use environment-specific configuration and secret management, keeping secrets out of source control and images.",D,medium,Environment Config & Secrets,
"A senior developer asks how to make the system safer when the same codebase runs locally, in staging, and in production with different databases and API keys. Which option is the most technically sound?","Use environment-specific configuration and secret management, keeping secrets out of source control and images.",Put secrets in frontend build variables because the UI needs to call APIs.,Hard-code production values and override them manually during local testing.,Commit a complete .env file so every developer has the same setup.,A,medium,Environment Config & Secrets,
"In a code review, you notice that the same codebase runs locally, in staging, and in production with different databases and API keys. Which improvement should be prioritized before release?",Commit a complete .env file so every developer has the same setup.,Put secrets in frontend build variables because the UI needs to call APIs.,Hard-code production values and override them manually during local testing.,"Use environment-specific configuration and secret management, keeping secrets out of source control and images.",D,medium,Environment Config & Secrets,
"A candidate is asked to redesign a feature because the same codebase runs locally, in staging, and in production with different databases and API keys. Which answer shows the best full-stack judgment?",Put secrets in frontend build variables because the UI needs to call APIs.,Commit a complete .env file so every developer has the same setup.,Hard-code production values and override them manually during local testing.,"Use environment-specific configuration and secret management, keeping secrets out of source control and images.",D,medium,Environment Config & Secrets,
A team is reviewing a full-stack feature where a deployment adds a required database column while old application instances are still serving traffic. Which design choice is the strongest long-term fix?,Deploy the schema-breaking change first because migrations usually finish quickly.,Use backward-compatible expand-and-contract migrations and deploy code/data changes in safe phases.,Stop all traffic until every instance is updated and manually restart the database.,Rely on ORM auto-sync in production so the schema always matches the newest models.,B,medium,Database Migration Safety,
"During production debugging, engineers discover that a deployment adds a required database column while old application instances are still serving traffic. Which response best addresses the root cause rather than only the symptom?",Use backward-compatible expand-and-contract migrations and deploy code/data changes in safe phases.,Stop all traffic until every instance is updated and manually restart the database.,Rely on ORM auto-sync in production so the schema always matches the newest models.,Deploy the schema-breaking change first because migrations usually finish quickly.,A,medium,Database Migration Safety,
A senior developer asks how to make the system safer when a deployment adds a required database column while old application instances are still serving traffic. Which option is the most technically sound?,Use backward-compatible expand-and-contract migrations and deploy code/data changes in safe phases.,Stop all traffic until every instance is updated and manually restart the database.,Deploy the schema-breaking change first because migrations usually finish quickly.,Rely on ORM auto-sync in production so the schema always matches the newest models.,A,medium,Database Migration Safety,
"In a code review, you notice that a deployment adds a required database column while old application instances are still serving traffic. Which improvement should be prioritized before release?",Rely on ORM auto-sync in production so the schema always matches the newest models.,Stop all traffic until every instance is updated and manually restart the database.,Deploy the schema-breaking change first because migrations usually finish quickly.,Use backward-compatible expand-and-contract migrations and deploy code/data changes in safe phases.,D,medium,Database Migration Safety,
A candidate is asked to redesign a feature because a deployment adds a required database column while old application instances are still serving traffic. Which answer shows the best full-stack judgment?,Stop all traffic until every instance is updated and manually restart the database.,Use backward-compatible expand-and-contract migrations and deploy code/data changes in safe phases.,Rely on ORM auto-sync in production so the schema always matches the newest models.,Deploy the schema-breaking change first because migrations usually finish quickly.,B,medium,Database Migration Safety,
"A team is reviewing a full-stack feature where unit tests pass but releases still break communication between frontend, API, and external services. Which design choice is the strongest long-term fix?",Snapshot every rendered component and treat snapshots as full regression coverage.,Replace unit tests completely with manual QA because real flows matter most.,"Add integration, contract, and end-to-end tests around critical boundaries while keeping unit tests for isolated logic.",Test only backend controllers because frontend bugs are visible immediately.,C,medium,Testing Strategy,
"During production debugging, engineers discover that unit tests pass but releases still break communication between frontend, API, and external services. Which response best addresses the root cause rather than only the symptom?",Test only backend controllers because frontend bugs are visible immediately.,"Add integration, contract, and end-to-end tests around critical boundaries while keeping unit tests for isolated logic.",Replace unit tests completely with manual QA because real flows matter most.,Snapshot every rendered component and treat snapshots as full regression coverage.,B,medium,Testing Strategy,
"A senior developer asks how to make the system safer when unit tests pass but releases still break communication between frontend, API, and external services. Which option is the most technically sound?",Replace unit tests completely with manual QA because real flows matter most.,Test only backend controllers because frontend bugs are visible immediately.,"Add integration, contract, and end-to-end tests around critical boundaries while keeping unit tests for isolated logic.",Snapshot every rendered component and treat snapshots as full regression coverage.,C,medium,Testing Strategy,
"In a code review, you notice that unit tests pass but releases still break communication between frontend, API, and external services. Which improvement should be prioritized before release?",Replace unit tests completely with manual QA because real flows matter most.,Test only backend controllers because frontend bugs are visible immediately.,"Add integration, contract, and end-to-end tests around critical boundaries while keeping unit tests for isolated logic.",Snapshot every rendered component and treat snapshots as full regression coverage.,C,medium,Testing Strategy,
"A candidate is asked to redesign a feature because unit tests pass but releases still break communication between frontend, API, and external services. Which answer shows the best full-stack judgment?","Add integration, contract, and end-to-end tests around critical boundaries while keeping unit tests for isolated logic.",Snapshot every rendered component and treat snapshots as full regression coverage.,Test only backend controllers because frontend bugs are visible immediately.,Replace unit tests completely with manual QA because real flows matter most.,A,medium,Testing Strategy,
A team is reviewing a full-stack feature where real-time notifications work on one server but fail or duplicate when traffic is balanced across multiple instances. Which design choice is the strongest long-term fix?,Turn off load balancing whenever users need real-time updates.,Store all WebSocket connection objects in one server's memory and route traffic randomly.,Send the same notification repeatedly until every client acknowledges it visually.,"Use shared pub/sub or message brokers, connection-aware routing, and idempotent event handling across instances.",D,medium,Real-Time Scaling,
"During production debugging, engineers discover that real-time notifications work on one server but fail or duplicate when traffic is balanced across multiple instances. Which response best addresses the root cause rather than only the symptom?",Turn off load balancing whenever users need real-time updates.,"Use shared pub/sub or message brokers, connection-aware routing, and idempotent event handling across instances.",Send the same notification repeatedly until every client acknowledges it visually.,Store all WebSocket connection objects in one server's memory and route traffic randomly.,B,medium,Real-Time Scaling,
A senior developer asks how to make the system safer when real-time notifications work on one server but fail or duplicate when traffic is balanced across multiple instances. Which option is the most technically sound?,Store all WebSocket connection objects in one server's memory and route traffic randomly.,Turn off load balancing whenever users need real-time updates.,Send the same notification repeatedly until every client acknowledges it visually.,"Use shared pub/sub or message brokers, connection-aware routing, and idempotent event handling across instances.",D,medium,Real-Time Scaling,
"In a code review, you notice that real-time notifications work on one server but fail or duplicate when traffic is balanced across multiple instances. Which improvement should be prioritized before release?",Turn off load balancing whenever users need real-time updates.,"Use shared pub/sub or message brokers, connection-aware routing, and idempotent event handling across instances.",Store all WebSocket connection objects in one server's memory and route traffic randomly.,Send the same notification repeatedly until every client acknowledges it visually.,B,medium,Real-Time Scaling,
A candidate is asked to redesign a feature because real-time notifications work on one server but fail or duplicate when traffic is balanced across multiple instances. Which answer shows the best full-stack judgment?,Turn off load balancing whenever users need real-time updates.,"Use shared pub/sub or message brokers, connection-aware routing, and idempotent event handling across instances.",Send the same notification repeatedly until every client acknowledges it visually.,Store all WebSocket connection objects in one server's memory and route traffic randomly.,B,medium,Real-Time Scaling,
"A team is reviewing a full-stack feature where an Express API mixes thrown errors, rejected promises, and manual responses, causing inconsistent client failures. Which design choice is the strongest long-term fix?","Normalize errors through centralized middleware, async error propagation, typed error objects, and consistent response formats.",Wrap every route in a try/catch and return a different JSON shape for each failure.,Send raw stack traces to the browser so debugging is faster.,Let Node crash on unexpected errors and depend on the process manager to restart quickly.,A,medium,Express Error Handling,
"During production debugging, engineers discover that an Express API mixes thrown errors, rejected promises, and manual responses, causing inconsistent client failures. Which response best addresses the root cause rather than only the symptom?","Normalize errors through centralized middleware, async error propagation, typed error objects, and consistent response formats.",Send raw stack traces to the browser so debugging is faster.,Let Node crash on unexpected errors and depend on the process manager to restart quickly.,Wrap every route in a try/catch and return a different JSON shape for each failure.,A,medium,Express Error Handling,
"A senior developer asks how to make the system safer when an Express API mixes thrown errors, rejected promises, and manual responses, causing inconsistent client failures. Which option is the most technically sound?",Wrap every route in a try/catch and return a different JSON shape for each failure.,"Normalize errors through centralized middleware, async error propagation, typed error objects, and consistent response formats.",Let Node crash on unexpected errors and depend on the process manager to restart quickly.,Send raw stack traces to the browser so debugging is faster.,B,medium,Express Error Handling,
"In a code review, you notice that an Express API mixes thrown errors, rejected promises, and manual responses, causing inconsistent client failures. Which improvement should be prioritized before release?",Let Node crash on unexpected errors and depend on the process manager to restart quickly.,"Normalize errors through centralized middleware, async error propagation, typed error objects, and consistent response formats.",Wrap every route in a try/catch and return a different JSON shape for each failure.,Send raw stack traces to the browser so debugging is faster.,B,medium,Express Error Handling,
"A candidate is asked to redesign a feature because an Express API mixes thrown errors, rejected promises, and manual responses, causing inconsistent client failures. Which answer shows the best full-stack judgment?",Send raw stack traces to the browser so debugging is faster.,Let Node crash on unexpected errors and depend on the process manager to restart quickly.,Wrap every route in a try/catch and return a different JSON shape for each failure.,"Normalize errors through centralized middleware, async error propagation, typed error objects, and consistent response formats.",D,medium,Express Error Handling,
